<?xml version="1.0" encoding="UTF-8"?>
<office:document-meta xmlns:office="urn:oasis:names:tc:opendocument:xmlns:office:1.0" xmlns:xlink="http://www.w3.org/1999/xlink" xmlns:dc="http://purl.org/dc/elements/1.1/" xmlns:meta="urn:oasis:names:tc:opendocument:xmlns:meta:1.0" xmlns:ooo="http://openoffice.org/2004/office" xmlns:grddl="http://www.w3.org/2003/g/data-view#" office:version="1.2"><office:meta><dc:title>Paper Title (use style: paper title)</dc:title><meta:initial-creator>IEEE</meta:initial-creator><dc:creator>puckette </dc:creator><meta:editing-cycles>29</meta:editing-cycles><meta:creation-date>2013-05-08T17:54:00</meta:creation-date><dc:date>2013-05-10T20:48:56</dc:date><meta:editing-duration>PT40M19S</meta:editing-duration><meta:generator>LibreOffice/3.5$Linux_x86 LibreOffice_project/350m1$Build-2</meta:generator><meta:document-statistic meta:table-count="2" meta:image-count="1" meta:object-count="0" meta:page-count="9" meta:paragraph-count="275" meta:word-count="3181" meta:character-count="17666" meta:non-whitespace-character-count="14737"/><meta:user-defined meta:name="AppVersion">14.0000</meta:user-defined><meta:user-defined meta:name="DocSecurity" meta:value-type="float">0</meta:user-defined><meta:user-defined meta:name="HyperlinksChanged" meta:value-type="boolean">false</meta:user-defined><meta:user-defined meta:name="LinksUpToDate" meta:value-type="boolean">false</meta:user-defined><meta:user-defined meta:name="ScaleCrop" meta:value-type="boolean">false</meta:user-defined><meta:user-defined meta:name="ShareDoc" meta:value-type="boolean">false</meta:user-defined><meta:template xlink:type="simple" xlink:actuate="onRequest" xlink:title="Normal.dotm" xlink:href=""/></office:meta></office:document-meta>